{
  "start": [
    0,
    2589.0702947845803
  ],
  "click": [
    4000,
    13.083900226757095
  ],
  "clickoff": [
    6000,
    80.40816326530643
  ],
  "connect": [
    8000,
    1655.2154195011344
  ],
  "disconnect": [
    11000,
    1875.5328798185947
  ],
  "on": [
    14000,
    1735.1020408163258
  ],
  "off": [
    17000,
    1740.7482993197264
  ],
  "update": [
    20000,
    1953.8548752834472
  ]
}